Model Variant,Clean Test Macro-F1,Missing Feature Macro-F1,Noisy Feature Macro-F1,Prevalence-Shift PR-AUC,Robustness Score
HistGradientBoosting tabular-only,0.9771594178327143,0.9762077269090774,0.6309903022673145,0.9907872457391361,0.8659950916385094
Embedding-only,0.929339637364199,0.909339637364199,0.899339637364199,0.66,0.8228930915761327
Hybrid HGB+GNN,0.9786813351652472,0.9786813351652472,0.6779470659061723,0.9980490909387632,0.8848924973367276
