Model,Training Time (s),Inference Time (ms/sample),Peak Memory (MB),Parameter Count,Model Size (MB),Macro-F1,PR-AUC
Logistic Regression,0.014456333010457456,0.00030177176483468045,,,0.0010614395141601562,0.8900851942640475,0.973701250212508
Random Forest,0.5277896251063794,0.013994389330604028,,,11.66907024383545,0.9795688566167943,0.9993968340040487
HistGradientBoosting,0.9651782079599798,0.004718438441889126,,,0.3359823226928711,0.9771594178327143,0.9991106394539188
LightGBM-like,0.8934739999240264,0.0019741068249367433,,,0.3359823226928711,0.9771594178327143,0.9991106394539188
GCN,1.1574824170675129,0.002119606817705024,,450.0,,0.9114556091207948,0.9864948539446907
GraphSAGE,0.9814535829937086,0.0015916982902215227,,866.0,,0.9216050246195167,0.9872514393197602
GAT,2.546219832962379,0.0053757393995796385,,518.0,,0.8910402848177437,0.9821212539950016
Hybrid HGB+GNN,1.3974811249645427,0.004784461402800258,,,0.4174070358276367,0.9801122864642681,0.9993555046890863
